text,domain,frequency,quality_score,cluster_id,original_index,importance,label
修改收获地址,securities,1,0.36,0,4,低频,"我主要专注于保险保单相关的服务，比如保单查询、取款办理、方案调整等。修改收获地址这类个人信息管理功能，目前不在我的服务范围内。

您可以：
1. 联系保险公司客服热线
2. 登录保险公司的官方APP或网站
3. 前往保险公司的线下服务网点

如果您有保险相关的问题，比如想了解保单信息、办理取款业务等，我很乐意为您提供帮助。"
我有哪些持仓？,securities,1,0.7335714285714285,1,2,低频,"我来帮您查询您的保单持仓情况。首先，我需要获取您的用户ID来查询保单信息。

请问您的用户ID是多少？或者如果您之前已经提供过，我可以直接为您查询。"
我的账户里还有多少钱？,securities,1,0.5863636363636364,1,1,低频,"我来帮您查询账户信息。首先，我需要知道您的用户ID才能查询保单信息。请问您的用户ID是多少？

另外，您是想查询：
1. 所有保单的总现金价值
2. 每张保单的详细信息
3. 还是可以取款的额度？

请提供您的用户ID，我就能为您查询具体的账户余额信息了。"
你好，我想调整一下账户佣金，目前资金主要做短线和ETF,ecurities,1,0.36,0,4,低频,"您好！我主要专注于保险相关的业务咨询和保单管理服务，比如保单查询、取款方案、现金价值计算等。

关于您提到的账户佣金调整和资金配置（短线交易和ETF投资），这属于证券投资或财富管理领域的专业问题。我建议您：

1. **联系您的证券公司客户经理** - 他们可以为您提供具体的佣金调整方案
2. **咨询专业的理财顾问** - 针对短线交易和ETF配置提供更专业的投资建议
3. **查看券商APP或官网** - 通常有在线调整佣金的功能

如果您有保险相关的问题，比如：
- 保单现金价值查询
- 保险取款方案
- 保单贷款
- 受益人信息变更

我很乐意为您提供帮助！您是否有保险方面需要咨询的呢？"
